3.1827780000000008,(-1623.7333273346892, -1.5073382842172052)
250.46069800000004,(-391.59797668457031, -1.3967753894550283)
429.153718,(-342.41545922977406, -1.5883225540524906)
607.938958,(-310.37366682229583, -1.6763542872114279)
785.412551,(-313.90668290914948, -1.6137717876237692)
975.115307,(-281.45004594940502, -1.6082163643591183)
1147.414201,(-268.37607763231415, -1.6254942017732208)
1334.187818,(-228.75187651644049, -1.6580511534336917)
1442.069674,(-258.59730718553681, -1.5539587932763641)
1597.130206,(-200.16703119966172, -1.5824466833134287)
1757.398335,(-212.76741680656511, -1.6283403106571472)
1882.941911,(-212.07152738276216, -1.6039944727396227)
1987.139607,(-220.670239556696, -1.6044015958137119)
2093.6142699999996,(-212.76168547954757, -1.5604097640391477)
2198.728646,(-231.50880015265082, -1.6350010860826552)
2303.3674749999996,(-226.62545060619865, -1.6422037648171495)
2410.3954849999996,(-203.36540741281411, -1.633400870967157)
2518.795869,(-207.32605059122301, -1.5897985278945608)
2627.917629,(-189.10525709329193, -1.613874072881089)
2741.80687,(-193.98314894843347, -1.6353611380783553)
2857.058527,(-190.29779398810004, -1.5859076331571205)
2978.001351,(-178.81335276180937, -1.6622842365933448)
3098.029447,(-180.49400801511155, -1.67497790044116)
3212.757395,(-160.52483619611289, -1.6632149029023868)
3324.635773,(-161.50911240725173, -1.6600537152634454)
3432.726497,(-78.691450158345333, -1.636610527013995)
3536.0950980000002,(-134.37224555261355, -1.60128908980753)
3641.4577960000006,(-80.621511577330921, -1.6530591415375779)
3745.9162060000003,(-73.181484124095164, -1.6620500308951152)
3850.2724290000006,(-97.016484919282576, -1.6667706351919271)
3955.6332810000013,(-85.068847597259833, -1.6403447365023427)
4059.2483660000007,(-70.965370551827021, -1.756186955368396)
4163.551272000001,(-94.149703586224433, -1.6914533511879517)
4268.163308,(-57.744823160859724, -1.6717504035566271)
4372.334856,(-154.23387594321341, -1.6930337880075592)
4477.249380000001,(-93.916614807758137, -1.6924017090158365)
4581.1163430000015,(-105.60384058214954, -1.7172121325718988)
4685.039642000002,(-70.880068788823394, -1.6900659516914605)
4788.852403000002,(-66.837621472545507, -1.68512777077783)
4893.774259000001,(-111.8560336791363, -1.6696685915140761)
4998.051123,(-46.802409044246083, -1.702635640950547)
5102.041113,(-69.861260758232831, -1.6889235875041215)
5206.125875,(-65.137476930913238, -1.7229510938998349)
5309.840951,(-90.803856564551282, -1.7794201091392754)
5413.702341,(-36.773135632583774, -1.6942307094937747)
5516.9770260000005,(-71.091191144333678, -1.7528143985984252)
5620.510789,(-72.974272265876692, -1.7254430946615553)
5724.765665,(-94.166193283710285, -1.7709994242363369)
5831.841980999999,(-76.480263857497377, -1.7641161618773471)
5941.443398999999,(-35.49397371233124, -1.8421401283175676)
6054.002202999999,(-54.745508724881205, -1.7401820943527615)
6166.608882999998,(-69.612459202402647, -1.7674699013995141)
6283.292402999998,(-42.595730968357358, -1.8457099303756792)
6400.081093999998,(-63.691413997374859, -1.7409852257708913)
6517.055505999998,(-86.454670424313889, -1.7453238091517969)
6635.600768999999,(-90.779687507865361, -1.8001961923137153)
6752.374541999999,(-30.491187604432252, -1.7616264088866638)
6869.0295609999985,(-46.821799838665832, -1.7717363908118808)
6987.466569999998,(-44.056715439275365, -1.7692312948482554)
7105.947109999998,(-61.852361806889171, -1.8516225876267423)
7223.685413999999,(-39.327914727102851, -1.8110803408721059)
7343.418710999998,(-26.817123941539489, -1.811671452423961)
7463.545108999999,(-64.671028569801564, -1.7331854952979333)
7582.191421999996,(-53.164221970076412, -1.8121539206848931)
7701.284671999998,(-31.083702151308355, -1.8137471227301765)
7820.0551499999965,(-49.175785094192349, -1.8328095170640455)
7938.638031999997,(-72.668700896587566, -1.7501830452496243)
8055.905991999996,(-17.341413901638738, -1.7630143245470893)
8175.628585999995,(-45.035935721446556, -1.8281298033969919)
8297.072505999997,(-23.6090537168316, -1.7965266557083917)
8417.215422999994,(-47.825730205811176, -1.7951709339299153)
8537.312115999996,(-31.900980229230271, -1.75539624322321)
8657.353536999995,(-62.434151443009526, -1.8152030098069574)
8778.387822999994,(-25.083884638609344, -1.8750655030466847)
8897.680537999995,(-24.721331949086533, -1.8246738978267945)
9016.984452999995,(-73.348222732543945, -1.8374297317770338)
9137.888380999997,(-41.020873281144603, -1.831444214299782)
9257.139264999996,(-22.354555720521002, -1.8256221935921109)
9375.444808999995,(-29.668217212883466, -1.8418776011958564)
9493.604110999993,(-22.552046643704482, -1.826997965881505)
9613.862568999995,(-18.440242632762672, -1.8343722273394005)
9732.453531999994,(-33.445029312802347, -1.8294877268604397)
9851.292066999997,(-26.883341625793694, -1.8317299466772177)
9971.172064999997,(-48.213567242179948, -1.8169628529204536)
10090.463684999997,(-27.518608099406528, -1.8381170734916765)
10206.300415999998,(-16.300047719601505, -1.8053379384512753)
10322.837996999997,(-31.374560839122104, -1.8025866544123776)
10438.831921999996,(-20.555754013282737, -1.7858043712438996)
10556.062480999997,(-13.180148397524333, -1.7713567835768473)
10674.081960999996,(-17.151534997310836, -1.8776517516558933)
10792.715974999997,(-35.143973542242932, -1.7832125572814155)
10911.132758999998,(-23.088840822890862, -1.7600794963000976)
11030.420826999996,(-55.960288165770855, -1.8036449502423866)
11150.636083999996,(-17.737670830537365, -1.7644517261957384)
11269.451552999995,(-31.78507874921425, -1.8092323215966373)
11387.281449999993,(-18.752366526225178, -1.7729391726021915)
11507.286705999994,(-13.774975075242446, -1.7483105468995792)
11626.424064999994,(-25.565763287937518, -1.727080410903262)
11746.157699999992,(-18.388320125869868, -1.7499991194489075)
11865.876468999993,(-11.738107483411573, -1.855813429527676)
11985.088536999992,(-36.438862338508528, -1.7825436659694947)
12101.547804999995,(-14.011769426237677, -1.7627967946308176)
12220.235778999993,(-31.867757649765799, -1.6596525065677683)
12338.103946999992,(-9.5313674064026657, -1.6928085727789968)
12455.129754999993,(-39.604301349403933, -1.6921084855020661)
12573.462300999992,(-30.543727999188235, -1.6808308971296881)
12693.282956999994,(-18.132232234650051, -1.6667051118673737)
12811.945488999994,(-18.823942378009718, -1.7450010598320322)
12928.319764999995,(-18.361909133871805, -1.7471371538860281)
13048.952897999994,(-29.674328912164746, -1.6755543289725314)
13169.027235999994,(-23.680279281028767, -1.7060581365811456)
13289.211570999993,(-24.878662827088661, -1.6925266575567501)
13408.401248999993,(-11.406647936585022, -1.6991768829601328)
13527.786905999992,(-19.073853326826981, -1.6366730313940145)
13644.819987999994,(-9.7454839840377723, -1.7127150014503716)
13762.342863999993,(-15.053318356730275, -1.7049417790678358)
13879.819453999995,(-6.4704948780462912, -1.6564041283941759)
13994.656935999996,(-16.63950538696702, -1.7240883394614936)
14109.440146999998,(-17.392146069978931, -1.6651155764294654)
14221.149296999996,(-10.938309614191351, -1.6978605137657874)
14333.137012999998,(-9.4216935047783803, -1.7224113111643446)
14445.484939999995,(-20.783520893337801, -1.7164970974332279)
14557.754875999995,(-24.663832557570075, -1.7935805431346303)
14668.802355999997,(-26.508732023312874, -1.7169009453242587)
14775.663321999995,(-25.32702652265116, -1.7444808888681156)
14883.008476999996,(-29.109418646576479, -1.7651620820625542)
14989.741410999994,(-11.725603529472941, -1.7331921802353614)
15096.14339199999,(-18.647876517367116, -1.7789519724157667)
15201.084698999992,(-10.538268169484187, -1.7215393892268545)
15304.95140899999,(-16.028246921976816, -1.7663446081053351)
15409.841638999987,(-16.214988312770412, -1.7867943411020888)
15513.06355499999,(-17.254363158314497, -1.7373207844409746)
15617.76906799999,(-22.895468928150294, -1.7024605950129401)
15720.98440899999,(-4.5392654888408703, -1.7377452543101359)
15826.03101399999,(-11.899858446772566, -1.7672971112211955)
15929.54298799999,(-4.7587925650409817, -1.7790954776645935)
16032.22103999999,(-11.280415924246778, -1.7590942124730533)
16135.045550999988,(-12.038738522947449, -1.7286465972969212)
16238.416981999992,(-35.009162770104162, -1.6864011926749318)
16342.814732999992,(-34.160345982030492, -1.6993704432064725)
16447.050140999992,(-8.0905284783274851, -1.7563998348934133)
16550.126064999993,(-13.313653291807961, -1.6464320402784445)
16653.94301599999,(-8.9406295212888232, -1.7454639384427022)
16757.30752699999,(-9.5457297449873888, -1.6676408199919868)
16860.067397999992,(-14.908586460290495, -1.7287728098249926)
16963.442312999992,(-6.8501087316532727, -1.7969788915103244)
17065.795248999988,(-24.951266754533826, -1.8208777615704488)
17168.495664999988,(-8.8398085795726971, -1.7458789502222514)
17271.002886999988,(-15.187905124475046, -1.6738289305844258)
17374.337133999987,(-7.7800905378823426, -1.7256364595029772)
17477.928723999983,(-0.11213763242529839, -1.7505426099619914)
17582.104758999987,(-1.2442035502994184, -1.6960670413430203)
17686.628894999983,(-16.892460760382033, -1.7275643250376909)
17790.005071999985,(-11.533950623163243, -1.6767003585382836)
17893.101397999988,(-1.5250044600250794, -1.6997729693491435)
17996.836413999987,(-8.5835410894192368, -1.6865630014655517)
18102.080522999986,(-4.0138686637288519, -1.6927368985008948)
18207.066813999983,(-8.0116675674300826, -1.6662626069845612)
18312.01939199998,(-2.9451761706588195, -1.7392671077521806)
18415.96874999998,(-9.8094728644361204, -1.7080502362595391)
18520.443381999983,(0.63440592264391715, -1.7065554543868782)
18625.320001999986,(0.92668326583105265, -1.7360041657673944)
18728.957684999983,(-13.737884137741069, -1.6893875684934794)
18833.971475999984,(-15.379026545691737, -1.684892065746268)
18936.739339999986,(0.1970760177091225, -1.6856936781676775)
19040.122962999983,(-10.127504667055975, -1.7121427513889431)
19143.515535999984,(-17.939038156234112, -1.748791330868436)
19246.756524999983,(-7.7282936032285399, -1.6890759013362766)
19350.114636999984,(-7.0438551693847495, -1.6627005363248057)
19452.65515999998,(-6.4105248312974714, -1.746258414897722)
19557.98105299998,(0.3402404960283299, -1.7754979502294481)
19662.69389199998,(1.264523305229305, -1.7231819488338589)
19767.770419999983,(8.13814848845767, -1.693781589724354)
19872.441334999985,(-11.249049454312964, -1.7605981464238512)
19977.483354999986,(-14.380626416083464, -1.6980792990664846)
20081.999106999985,(-1.1821786051558465, -1.7084980017131137)
20187.219365999983,(-4.5919015717875098, -1.760903327120948)
20295.02062799998,(-6.0945930066182443, -1.7310165461805678)
20401.846212999983,(-2.8394947279359877, -1.6899433590702175)
20507.55499899998,(-12.815750320547634, -1.6997567402947809)
20611.985899999978,(6.1134006550017093, -1.6605641036918484)
20715.831108999977,(-10.563098454598299, -1.7042214550922827)
20820.30100599998,(-14.36268765287301, -1.6990726983424314)
20923.770831999977,(-9.5646522662688778, -1.6554217725684963)
21027.243624999977,(-0.39460168947878571, -1.6914628553636295)
21131.246353999977,(-7.9072270866521857, -1.733466054975372)
21234.092758999977,(-7.3458478659698647, -1.7044800888631761)
21336.00741699998,(1.0966244075716156, -1.6535753202192562)
21438.09080599998,(3.6654426185126159, -1.6735578978184573)
21540.48831899998,(0.32280278113699451, -1.7022115330106204)
21643.07333899998,(-6.7568653825017595, -1.6750692768195241)
21746.05415299998,(-14.483961176011981, -1.7013096741794311)
21849.96281599998,(0.41612411467070431, -1.7237401524769891)
21952.934929999978,(2.4115351315626166, -1.7000566235522634)
22056.575417999975,(4.3851283917722013, -1.6654447224951281)
22159.766146999977,(-6.9540900594180393, -1.6575587373418905)
22263.285595999976,(-0.86906064140427974, -1.6650073374669576)
22366.66273199998,(1.3099804778688962, -1.6666233490422828)
22469.828532999974,(8.0753324778424087, -1.6521770911118419)
22573.776854999975,(-11.684295210948925, -1.6705133828920187)
22677.691642999976,(-7.3339866986594249, -1.6397261453658034)
22780.977050999976,(-3.309652989519011, -1.6325148411632813)
22884.082516999977,(5.3590313288354379, -1.6614461473582947)
22987.39102499997,(-7.1751579875798566, -1.6453868863508874)
23089.995194999978,(-1.4312426195931189, -1.6675883722059506)
23190.580885999974,(-0.0054723085816373532, -1.6651634844308048)
23292.423331999977,(-8.2139009095958819, -1.6633348796785492)
23395.368931999976,(5.1397752313269782, -1.6517744457598813)
23498.290002999976,(4.7978382559166741, -1.6690527698428361)
23602.313207999974,(-10.044028591863889, -1.6411319596251261)
23704.650304999974,(5.3841328458073212, -1.6268250647279405)
23806.543726999975,(-24.547990440093365, -1.6271993204490425)
23909.443895999975,(2.2671460822685479, -1.642958733838858)
24012.065330999976,(-4.0370241197728616, -1.6217022015876377)
24114.875433999976,(-0.34946362566702144, -1.6332220459721751)
24218.065479999976,(4.3620096918233893, -1.6455852481507764)
24321.70578999997,(-2.2093996129085109, -1.6593284170652174)
24424.596209999974,(10.695877710568537, -1.6896752794993293)
24526.075615999973,(11.683916667073044, -1.6589442036815525)
24629.094930999974,(3.972485113082473, -1.6800306838812287)
24730.28865499997,(10.152455252624049, -1.6430865003890598)
24833.086456999972,(-2.5033592879772186, -1.6421235394232052)
24935.871052999973,(2.4492385783760819, -1.6500090329917436)
25038.448980999976,(7.4331655536115786, -1.6726618980624013)
25140.754693999974,(5.7635702619847562, -1.6769739997755622)
25244.68004399997,(7.4242836215446903, -1.6541407341809617)
25348.34761599997,(1.9433299607222843, -1.6830990947398943)
25451.99853799997,(0.81963762825297326, -1.6407626093048411)
25556.110140999972,(0.47493946521552566, -1.6833887813017541)
25663.680361999974,(14.590723470314261, -1.6481647122766554)
25774.359425999974,(-1.9247686125568508, -1.6171610054281569)
25885.110501999978,(-12.968242081784711, -1.6355209393599599)
25997.075748999978,(7.7248678901760846, -1.632561157659157)
26111.28893299998,(12.407894427628861, -1.613830113533846)
26225.52891399998,(7.3244578822986366, -1.6520298043477166)
26339.404692999982,(-1.2913155684766082, -1.6850646033729475)
26450.020728999985,(-2.0335980773586586, -1.6731162894632399)
26560.283030999984,(5.5333041539511729, -1.6664524453202474)
26667.646849999983,(3.2419622949103721, -1.6654849402683298)
26770.726948999985,(-1.4418465415227044, -1.6534578794056607)
26872.89769299998,(3.6096765583323451, -1.670262775470301)
26974.465039999985,(5.7242928190329643, -1.6377195070699317)
27077.12474199998,(1.495518403876688, -1.6414180809689551)
27178.53751299998,(7.1319086075443581, -1.6697606389055546)
27280.044918999985,(11.006671517780147, -1.6757634939606656)
27381.95501899998,(9.270804045741091, -1.655900513388447)
27482.00776599998,(-4.5118008772122495, -1.6235448718070984)
27584.19110999998,(5.9172254382949516, -1.6481359004974365)
27686.385650999986,(9.1151394052911048, -1.6349551880482547)
27787.975732999992,(8.6310895312692697, -1.615785666347779)
27889.531011999996,(6.2616359997041444, -1.6066612484528846)
27992.067028999994,(15.141163221032349, -1.6302730748333882)
28094.925359999997,(11.059674886084094, -1.6383055380939209)
28199.075703000002,(5.08120021961399, -1.6280418837193362)
28306.274363999997,(6.5182507223996922, -1.6416325550718405)
28414.857503,(7.0420433989505176, -1.632718401471364)
28527.065016999994,(4.2620750035821775, -1.5885611790971659)
28640.298237999992,(2.7467982839677751, -1.6185945850057699)
28753.434648999995,(8.5432838763772825, -1.6285144735857384)
28865.894260999998,(12.590047219364914, -1.6452408764780182)
28979.705866999997,(8.7917157021379957, -1.6463868409087978)
29091.607646999997,(10.776208971579051, -1.6381972567322327)
29205.59909599999,(4.9622213886570687, -1.5867812246391453)
29318.635529999992,(9.9107982946425377, -1.6115068252553646)
29432.395868,(10.986661712840661, -1.5999948591301121)
29544.254474,(10.16754127132524, -1.6195035417055346)
29656.675681,(9.1305182886492346, -1.6283034307440531)
29769.960935000003,(7.6713905736957626, -1.6089912487059523)
29881.801772000006,(9.940678500483946, -1.6158333002906484)
29991.001175000012,(14.942662078080717, -1.6434355199951487)
30099.229897000012,(3.6695636080712388, -1.6012776242089026)
30205.783201000013,(3.5402562771875834, -1.6053201562350559)
30309.682078000005,(9.7303870089889806, -1.603783490731544)
30413.18855700001,(15.035849176731306, -1.6247286581501519)
30516.251395000007,(4.1999863687249803, -1.6060101875324839)
30620.55354300001,(10.09489474806589, -1.6482469531678663)
30721.10577300001,(10.069979375785159, -1.57132222726173)
30822.851282000003,(13.126899674995657, -1.640070856846485)
30924.193689000007,(6.0277512967586517, -1.617064659742965)
31025.90279,(0.34584858936747326, -1.6267011503583377)
31128.193233000005,(6.8926518728438113, -1.601333962273352)
31230.086824000005,(7.7938905736220248, -1.6353149401772882)
31331.193505000003,(15.145356948842707, -1.6362252278426259)
31434.111494000004,(7.4856591132498282, -1.6398274959977139)
31537.367967000006,(1.5091904653716333, -1.5991264348177565)
31640.509086000013,(9.4527689624078501, -1.625451761422698)
31740.690523000012,(-6.9715713873966454, -1.6512521806451463)
31842.707514000016,(2.8537203199470165, -1.6144841319506931)
31943.368396000013,(18.316888394429512, -1.6064990328759263)
32044.472239000017,(8.9049252499010141, -1.6299666166305542)
32145.620337000015,(3.9014985005265657, -1.6225365609237827)
32246.43252700001,(12.453519522222047, -1.6510655068859612)
32346.388373000016,(10.911712786586014, -1.6077966407402275)
32446.635796000017,(8.8762756168227828, -1.6387795891958414)
32546.957425000015,(15.802542153400244, -1.6410751772910048)
32646.373526000018,(16.590523625772025, -1.6372246822131049)
32746.344723000024,(3.7420190932209958, -1.6047155187302029)
32847.03555700002,(12.992743605805426, -1.5910045074433397)
32948.053078000026,(10.620739644642958, -1.630544550025586)
33048.261059000026,(12.03192775028268, -1.6145288409646024)
33155.143751000025,(6.9155537860909684, -1.6154319330589058)
33263.67239100003,(7.8224509539677927, -1.6043960396776493)
33376.311927000024,(12.331242826796069, -1.6290532547174041)
33486.45608900003,(2.8079675472888752, -1.6001739336043288)
33594.69156600003,(17.662123179927313, -1.5965452851708402)
33703.55210400003,(16.520199257688425, -1.6822389401111406)
33811.23149900003,(11.114172650673956, -1.6361158164506107)
33919.15833100003,(7.9788498273215342, -1.6188762654963227)
34027.61737700003,(7.9511745489135235, -1.6083190084732686)
34135.44554400003,(20.207109908467714, -1.6226216013898556)
34241.11217800003,(18.97468259346854, -1.6066319555351414)
34347.01226500003,(18.943944357105138, -1.6331938191787483)
34451.152818000024,(16.171958575850908, -1.6272199934290856)
34554.20888000003,(15.621096872791801, -1.6224494306082577)
34657.59826500002,(14.588733601815921, -1.6346372765364106)
34761.578459000026,(4.2498259246349335, -1.6101798433618448)
34866.70789900002,(13.976433843681493, -1.5944683478050625)
34970.132939000025,(14.800498653625704, -1.6308957811483402)
35076.14114600002,(15.622711069805106, -1.6382479655373956)
35179.468284000024,(11.03975510627953, -1.6194852252596432)
35283.82581900003,(15.037732096062493, -1.6356634878620659)
35386.85032600003,(10.751763833552292, -1.6253817720511525)
35491.28003700003,(4.9446303865958736, -1.6151989298997467)
35595.87728500003,(13.766707190533275, -1.6365479390645765)
35700.35027300003,(11.758221164192122, -1.608437751371836)
35803.65118600003,(20.60666861300616, -1.6088910496111997)
35909.19326800003,(9.0117234937923474, -1.5931734663923991)
36014.44219600003,(17.17888949458132, -1.6289570878461463)
36116.523291000034,(14.091463560296088, -1.6334669264321475)
36219.61319000003,(17.328712836983279, -1.6055829647890072)
36323.090397000036,(-1.6235154569149017, -1.6070531692701517)
36427.481669000044,(13.247875895696817, -1.6116749828623742)
36533.33083200004,(13.50027357948195, -1.5966837774846971)
36637.70466800005,(10.82451910886568, -1.6254032684355666)
36740.220749000044,(23.287834892567901, -1.5959050974895044)
36844.81094500005,(11.396899859315342, -1.5918196783852332)
36949.27414400005,(14.986259852488017, -1.6230615905879699)
37053.36940900005,(7.9940779338177945, -1.6231803132086684)
37157.59673500005,(20.477222199292527, -1.6323820665939568)
37258.93346000005,(18.426890570478342, -1.6182362898108886)
37361.428055000055,(15.162102137644267, -1.5974390211793565)
37467.40429300006,(20.384741722922964, -1.6555256014017714)
37570.58954800006,(20.204220945073157, -1.639306747421776)
37673.528622000056,(17.179987018870325, -1.6392031219816698)
37777.02979500005,(17.103302679111049, -1.6473021212312364)
37881.699163000056,(8.4310235350402358, -1.6149636451731022)
37984.46395900006,(13.544974360883851, -1.6118494708513476)
38086.344234000055,(17.603085542462537, -1.6179738462585764)
38189.27073600006,(16.820811116818302, -1.6382239245876824)
38293.263097000054,(18.042718012308338, -1.6261236243641253)
38395.03191200005,(19.473470128074133, -1.6159394364996054)
38499.38084900005,(9.8250551475692038, -1.6443642396287821)
38601.42400400005,(15.516851648841936, -1.6046052919220679)
38704.43669700005,(18.554782917204591, -1.6582932361622447)
38807.07658800005,(18.348379906919813, -1.6157733318731957)
38908.628832000046,(20.487466279993352, -1.6383006671040328)
39012.36122000004,(10.143284043085943, -1.641207042428636)
39113.95238200004,(17.945770208983078, -1.5914730177712195)
39215.58345100005,(17.405263915504378, -1.6485736357797052)
39317.78880200004,(5.5004644541396308, -1.6302699624877615)
39418.91801300004,(21.179585190163444, -1.6403330275692891)
39520.750860000044,(17.560664111805945, -1.633204220496502)
39623.13685800004,(15.601445907784491, -1.6455128358811448)
39724.94901100004,(19.498973470987732, -1.6530999528993036)
39828.25665000005,(17.393262232701804, -1.6729504797876495)
39931.93356400004,(15.626501142978668, -1.610170544422779)
40033.64587900004,(10.794393098538684, -1.6331981285331176)
40137.60465500004,(11.278614376930847, -1.6351201995131897)
40240.52562200004,(14.980248508379631, -1.6338404718133592)
40341.13264100004,(26.503475023299149, -1.6497659486593659)
40443.50118300004,(12.963178947721559, -1.6206395306538062)
40545.28566900004,(17.891993760448141, -1.6623073779430586)
40646.26045000004,(20.404164224555814, -1.6588675250712128)
40749.676961000034,(14.377755598923594, -1.6499347551581787)
40851.26899400004,(16.774667073770896, -1.6558054648723799)
40952.96358800004,(18.223616335809844, -1.6388707910616374)
41056.98836400005,(14.233007861781367, -1.6726070476561476)
41156.91603200005,(20.36469400174839, -1.6733538944696642)
41260.38133500006,(19.15525194295903, -1.6552572324103916)
41361.09523300005,(20.902507413908378, -1.6530989211859162)
41461.98522500005,(9.9993383374410811, -1.6475133109338505)
41564.18174300005,(7.6919801167606074, -1.630520351768769)
41665.52149700005,(15.500353405156087, -1.6640125857186072)
41764.983053000054,(11.507522795618195, -1.6466344349163096)
41867.00530200005,(-3.2924654489939975, -1.6637680112701101)
41967.128470000054,(10.813686664264226, -1.6273870142464786)
42067.75201800005,(16.910869840494136, -1.6303435152338952)
42169.71576900005,(16.368159661587981, -1.6282233583558465)
42271.76381600004,(23.51432536189089, -1.6371292232238139)
42373.42229200005,(15.188075899156098, -1.6582922044488573)
42473.28447400005,(23.127711793811052, -1.6430228241940135)
42574.166312000045,(23.311975728605212, -1.6597022875068115)
42673.70042500005,(12.823966127695497, -1.6427359187725894)
42775.147379000045,(13.248581522518826, -1.6338640709513241)
42876.82726200005,(23.712408065795898, -1.6531873609601837)
42978.13946300005,(20.929152873373525, -1.6447703979678989)
43077.192652000056,(12.820422384542288, -1.6388237888051063)
43177.23662700005,(24.10521726264167, -1.6536911578522515)
43277.99122000005,(26.093211269870245, -1.6548390953811174)
43377.86214800005,(21.559554399288807, -1.6186898117212905)
43478.05400000005,(-6.102534641310112, -1.6508874352445309)
43577.589543000046,(24.288192353297756, -1.6480290705395728)
43678.684084000044,(14.855163484197302, -1.6389115630965871)
43779.10118200005,(-3.0504677750400662, -1.6178744005173753)
43880.85175100005,(22.466764961321328, -1.6263487793735623)
43982.48005100006,(20.571656252305534, -1.6438706302151238)
44081.91268800006,(-2.8922452407399404, -1.6376528666191494)
44182.22666400006,(18.922339792104111, -1.6556562136129005)
44281.46646400006,(20.429985629529067, -1.6449939651587575)
44380.46196500006,(10.292439699172974, -1.6286413651151754)
44479.497116000064,(20.254962592395312, -1.6775653810845208)
44579.090115000065,(16.251273748800926, -1.6464406694333578)
44677.75046800006,(13.72832109510284, -1.6626062153540935)
44778.98744800006,(15.564573629615234, -1.6640936154680155)
44877.78495000006,(13.952331852974352, -1.6688459534006022)
44976.55922900006,(21.791898848469724, -1.6419086437864401)
45076.736601000055,(23.987969582842798, -1.6256767400761241)
45177.825759000065,(23.058681198002137, -1.655720357427892)
45278.220144000064,(17.059684596110866, -1.6743993550231777)
45377.69361700006,(13.124431680158242, -1.6590538799148244)
45476.263047000066,(26.389378516329934, -1.6579194935326724)
45577.37805700006,(11.751030578748468, -1.6568497253447463)
45676.65640800006,(23.012489053391917, -1.638393662025019)
45777.30749700006,(21.382959281046364, -1.6477959168325995)
45876.50009900006,(18.086127987227488, -1.6469365272325338)
45976.65064600006,(23.271035422369376, -1.6435226920953732)
46075.86942800006,(23.064202910846042, -1.6462001100028913)
46175.76604500006,(24.292700710370369, -1.6545612633842783)
46275.08921500007,(20.553431968406304, -1.6428972163151221)
46374.54128300008,(25.401719542508271, -1.6523334605177653)
46474.31529300007,(13.75083626053997, -1.6308537045704949)
46573.954955000074,(20.742723815219918, -1.6442375822165578)
46671.50294100008,(19.69568881546099, -1.6549613236152019)
46770.44446800008,(20.588398609579222, -1.6324976277105587)
46869.72720700008,(20.212745500594071, -1.6614663815989936)
46972.82774800009,(18.933165331783982, -1.6325483113220058)
47080.85104700009,(18.218835252154733, -1.6626248648486186)
47179.927503000086,(23.911177069255984, -1.6479482079289622)
47277.61052000009,(23.13147831147479, -1.6606898744081713)
47375.39121700009,(21.862780896658752, -1.663557148471321)
47481.61990100009,(19.89117392190953, -1.6479730096059977)
47585.5644040001,(25.539588332176208, -1.6573743660425402)
47691.2126730001,(24.95331801827421, -1.6386246257221575)
47796.33891000009,(22.161053510056327, -1.6535726404681648)
47904.69915300009,(28.516210423302404, -1.644321902511046)
48013.95250900009,(15.212942759400791, -1.6574266724979754)
48121.65820700009,(22.840140783909671, -1.649481504233842)
48226.7591640001,(18.066415111428682, -1.6553102633387773)
48327.331605000094,(7.2998738000073384, -1.6659761691830821)
48429.302787000095,(21.477738564161911, -1.640301862328323)
48528.913924000095,(16.547697462371943, -1.6548131237324981)
48627.844782000095,(13.623544538143983, -1.6540447817635291)
48727.2801180001,(24.340313972886076, -1.6361508148232686)
48826.1047840001,(21.046656711199848, -1.649391424410122)
48926.0837410001,(17.450582987254428, -1.6437428138919712)
49023.3898120001,(16.87897781797291, -1.6324628622261519)
49121.4718220001,(19.806554990330923, -1.654873350231918)
49220.5305040001,(26.983791067428196, -1.6355850186544596)
49319.2486450001,(24.916740477699594, -1.6394930918192125)
49418.55537900011,(26.455811318662978, -1.6530708695195384)
49517.33154500011,(21.234502990835722, -1.6534859193969018)
49615.99751800011,(19.069165780986708, -1.6387538215548723)
49716.01434000011,(21.562972751474874, -1.6722350556825853)
49819.19114100011,(19.514060776258251, -1.6293613462104011)
49925.14807900011,(20.876750282405578, -1.6255949102726179)
50030.9374530001,(26.753624165181034, -1.6383743912903304)
50140.639789000095,(12.621962140823149, -1.6414534910437988)
50249.71343700009,(22.204500578113439, -1.6378733153195726)
50356.22719200009,(22.257356116452168, -1.6328357980423367)
50459.5963900001,(26.57957780668416, -1.6450822808078884)
50562.8480280001,(15.837088115436515, -1.6418890983788008)
50660.3322040001,(1.8198513726598209, -1.6632889066774821)
50760.86613700011,(20.686270733469541, -1.6295740192698449)
50859.05313200011,(21.728566832149152, -1.6446340803018551)
50956.49716700011,(23.69425546938611, -1.6257418584577816)
51054.79960500011,(25.756230375201433, -1.6360301590457405)
51152.20461500011,(25.964512941763573, -1.6256919300433286)
51250.90057700011,(18.64649750092595, -1.6105508411053531)
51349.0433520001,(24.480526605832207, -1.6566907136710649)
51446.8778750001,(30.364083415454196, -1.6414897196071665)
51548.25254800009,(9.3982040279919339, -1.6353583809026737)
51646.28398700009,(15.580505499827494, -1.6376171191943061)
51748.803395000105,(12.111433246701035, -1.6469873552469863)
51856.5896430001,(26.527482034004841, -1.6533817630453207)
51965.8769800001,(27.394155400929993, -1.6200374641369299)
52071.5828320001,(24.52149403525382, -1.6293534851565803)
52176.7698910001,(21.096586543260162, -1.6437141852280528)
52283.9334080001,(27.145574810578651, -1.6320664298903083)
52388.1693770001,(19.842200140670403, -1.6232146559302341)
52489.51183300011,(26.00759117504985, -1.6286066512471622)
52586.86190800011,(28.280775431505184, -1.6427817774802138)
52684.5220000001,(22.565569596192272, -1.6407417065089511)
52781.822892000106,(20.538753468965748, -1.633895633146935)
52880.601796000105,(18.129459222567451, -1.6382459617152656)
52977.85247800011,(19.759891449176159, -1.6325013483922506)
53074.74075300012,(25.427853862034905, -1.6235476443448018)
53171.18091800011,(22.711032962368936, -1.6409423965768717)
53269.821906000114,(18.11840664971735, -1.6363689198936384)
53370.42126600011,(17.431316699563844, -1.6375138489241452)
53472.47092500011,(24.279805583437692, -1.6299039549434309)
53576.0833210001,(25.284126541663692, -1.6233481199470992)
53682.41981400011,(27.636623563225736, -1.6512802347694475)
53788.347248000115,(25.518529947271052, -1.6504702408289171)
53894.832481000114,(26.072402907401017, -1.6339251263854431)
54000.1776230001,(13.923427598070852, -1.6328433868811303)
54101.6887510001,(26.589924261742031, -1.6227020516837996)
54202.06048700011,(28.983209701543, -1.6299630895103376)
54300.63101800012,(17.254221237811844, -1.6327237560576999)
54399.02641700011,(19.487208087112485, -1.6280459988977491)
54496.83473900011,(24.391506209815901, -1.629428603599981)
54595.4802460001,(23.317698500820043, -1.6307883846391107)
54692.42219400009,(24.644791622751768, -1.6522697333208065)
54787.049073000104,(31.573266780253537, -1.6355058581558699)
54885.0697220001,(11.746836677040022, -1.6338120698928833)
54985.7991960001,(28.47796764324621, -1.6353218088444976)
55089.0667790001,(25.471923687408879, -1.6331387211367028)
55192.3084020001,(31.04820037871292, -1.6466767824802202)
55297.29001600009,(14.161776167830242, -1.6442566661490607)
55404.09892300009,(29.391797751495517, -1.6329467198283403)
55507.17135500009,(25.151584550277473, -1.6385391446732984)
55610.9426210001,(25.611650474907197, -1.6249069319557898)
55716.4880710001,(25.924219495242404, -1.6477204893053192)
55820.638871000105,(26.661647485703536, -1.6220411473942786)
55924.88388000011,(26.27243147191313, -1.6449337804440372)
56024.151070000116,(21.0212409379556, -1.6186037419997539)
56123.42581700012,(13.753974785509797, -1.6290352209327148)
56221.40039800012,(19.860976866840087, -1.6254263434213461)
56318.89429500012,(27.262319700005129, -1.624753913928553)
56416.16635700012,(30.679729632495604, -1.6283563688858269)
56513.74880600011,(26.578870141629093, -1.6256511266698543)
56611.169440000114,(26.103035962458737, -1.637266569530841)
56712.00189400012,(21.002296144200354, -1.6565477295020192)
56813.68952300011,(29.790140234317978, -1.6528424516166609)
56919.00765200012,(30.70968898178376, -1.64533684241403)
57019.672045000116,(20.225301942259996, -1.644624772145576)
57122.333993000124,(28.656096889800633, -1.6413934531900072)
57226.16756000012,(29.115193736921881, -1.6550295654031419)
57330.932227000114,(27.55833865440998, -1.6445713491783929)
57436.189026000124,(28.134816687131664, -1.6437575700356788)
57539.12587100013,(26.861147376679881, -1.6214375035049988)
57639.61676400012,(25.185744117215737, -1.6427987549722809)
57742.30526800011,(28.068415473416909, -1.6422436360231381)
57843.714223000105,(19.13255928287801, -1.6456390822056643)
57944.24184400009,(26.878053090007036, -1.6359191450876058)
58043.2988320001,(30.373603233357066, -1.6518695766163856)
58140.783699000094,(25.288769107503988, -1.6365986454118158)
58237.33603000008,(22.85380549406268, -1.6442568314444159)
58333.89472300008,(24.386305906723454, -1.6436295324994117)
58431.916286000094,(26.470463623091117, -1.6321783213271308)
58531.239752000096,(21.456125883711984, -1.640866234744947)
58632.2164090001,(30.688814541728227, -1.6423306311528707)
58734.147664000106,(29.263557929353617, -1.6276318387886912)
58835.799833000114,(32.826362655334869, -1.6416755828660787)
58940.7081760001,(27.845435019620915, -1.6420873065584713)
59046.44481500011,(26.96578789986286, -1.6531075386656928)
59153.94139600011,(32.984881740255453, -1.6464514523437344)
59263.13844900009,(27.058301677408906, -1.6443553333429946)
59366.088005000085,(33.870868985185915, -1.6345842167274238)
59473.64095400009,(27.446632232862651, -1.6321753583003564)
59577.257502000095,(27.272671368933217, -1.6410049107885851)
59682.47159500008,(31.204296726541422, -1.6471788987670977)
59789.01536500009,(27.714381295381134, -1.6459869939027374)
59892.10550500009,(24.356322357335042, -1.6436702381704271)
59994.03325800008,(34.537833705390852, -1.6628919846003818)
60094.98058600009,(21.483841274202483, -1.6677162026621632)
60201.402757000076,(31.674452127869596, -1.669068913484357)
60310.111491000076,(22.112169491876031, -1.6436741020261627)
60415.46436000007,(17.276985765732441, -1.6720326764067424)
60520.36764800007,(28.422469864186553, -1.6564715738149034)
60624.58573700006,(27.568267653897866, -1.6519718379089512)
60729.14847000007,(28.143058683454377, -1.650421522941786)
60836.24396200008,(-6.7606833841382841, -1.644737495589502)
60943.676536000086,(5.2698153349542123, -1.6455683235040646)
61045.86403300009,(20.863400738878347, -1.6332016833049734)
61147.56614700009,(16.88261951552224, -1.6475074715221052)
61244.21262000009,(30.054516021123867, -1.6402283759461236)
61346.8146270001,(25.726685851505124, -1.6497687703555393)
61452.86626300009,(24.567392088703272, -1.657607079166727)
61556.0002500001,(27.943811487905759, -1.6518068706866391)
61654.05129200009,(32.167298007257209, -1.657820506808684)
61754.78172900008,(19.863519722653418, -1.6536343355768734)
61856.20309300009,(30.020329288600646, -1.6552118781915646)
61960.621598000085,(25.193060017123663, -1.6499168891267679)
62064.18742800009,(28.560756565369282, -1.6557390566953678)
62165.627497000096,(31.786210527125093, -1.6637661635261221)
62266.452665000106,(31.960346998627653, -1.665462119677632)
62368.8662950001,(24.449980468479627, -1.6597790668920143)
62473.4477680001,(32.63771740185846, -1.6434752000975854)
62581.292260000104,(29.708229529488946, -1.6511148404829281)
62688.636077000105,(33.565556801471516, -1.6573098006936693)
62791.49118300011,(32.52143082176287, -1.653704116024922)
62892.422441000104,(23.172768838934061, -1.6589351204252734)
62993.6312240001,(27.153813702543985, -1.6601753542103719)
63096.33931500009,(33.556515189175755, -1.6484648954008043)
63201.41780700009,(28.092336662036857, -1.64127594785592)
63308.40862700011,(30.573947280952609, -1.6508459915819855)
63411.62797300011,(10.956143503336563, -1.6610710977279033)
63509.4284510001,(21.731601638892261, -1.6613166117176568)
63607.59098000011,(20.949281986841221, -1.632973679562205)
63706.34377400011,(21.557544146616433, -1.6572798293890412)
63804.49663500012,(24.311416326724377, -1.6678746600740963)
63905.548567000136,(32.2142852176096, -1.6479363638101165)
64008.46243800013,(18.326693232526484, -1.6410087568243754)
64110.930548000135,(25.005664492390821, -1.6502667634757524)
64210.80380100013,(33.784962536133442, -1.661701110834928)
64304.81371600015,(25.081152217904318, -1.6471163593616682)
64402.49277200016,(21.335409701484995, -1.6404558616815155)
64501.40182000016,(26.392524833531724, -1.6455576014272946)
64601.44373900017,(25.198794275214993, -1.653075719002596)
64704.48387600016,(31.518040946463948, -1.6531001907034018)
64805.26264700017,(32.028982575406737, -1.6420449737421017)
64906.230623000156,(30.909867232607812, -1.6437122041417151)
65003.14695100016,(22.612781229707384, -1.6477833580724972)
65098.87586000016,(35.767603790637146, -1.6723750202926164)
65194.50825000016,(12.484119230938941, -1.6612567575936465)
65293.95597900015,(27.851287618125838, -1.6550716026542114)
65394.62954800016,(20.471238253964593, -1.6567900887469655)
65494.13481400015,(33.68868629219606, -1.6711282601061554)
65595.15248000015,(30.317173414623614, -1.6693755210060435)
65693.16001000015,(29.180719668103247, -1.6556794944497728)
65792.81015500014,(38.335120727106471, -1.6562256690153141)
65888.64193500014,(30.811088820093687, -1.677542897229342)
65988.25886700013,(28.577163816727314, -1.6495027941526825)
66090.92532300013,(26.466462978382701, -1.6589623437714331)
66194.49199700014,(9.7557305945563559, -1.6536339785634857)
66298.14658000015,(18.940156319706709, -1.6617189830111474)
66400.45792800015,(33.808430870783695, -1.6555480317971141)
66502.93585900015,(16.79580048955593, -1.652957134640094)
66604.79477600014,(28.251986553988505, -1.6500137282401015)
66705.13177100015,(23.294927320529506, -1.6659260336885746)
66804.23688000016,(36.88933512107613, -1.6761050089118408)
66901.94766700015,(-15.189696882188935, -1.6418392848722714)
66998.11038100015,(31.186812355346287, -1.6634313058607357)
67096.72470300016,(29.863934802025863, -1.6638307497673428)
67197.24961500017,(30.047464722210599, -1.6559860306916778)
67290.56019300014,(32.91310691096119, -1.6602353336884803)
67388.81664200014,(15.666240748210052, -1.6551446595142798)
67483.77951500015,(28.748068735771572, -1.6504189765330441)
67606.85251000014,(31.851704513289263, -1.6690324434300059)
67735.48655700016,(36.965749956897852, -1.6620763786060293)
